[
  {
    "code": "ALIR",
    "name_cn": "全能者",
    "name_en": "Polymath",
    "final_goal": "G12前在学术、科研/创新、体育、艺术、领导力四大维度至少各完成一项可验证的硬证据，整体达到目标梯队大学录取标准（A档：C9/985、US前30、QS50；B档：211、US前50、QS100）。",
    "milestones": [
      "G6前≥2项市级证书",
      "G9前≥1项省级成果+成绩前15%",
      "G10–11跨领域成果（科研+艺术/体育+社团领导）",
      "G12标化达标+提交完整成果链"
    ],
    "track_A": "学术省级以上+体育/艺术/科研≥2项成果+≥2年社团领导。\nG12前形成“四维并行”闭环，匹配C9/985、港三、美本Top30、英联邦QS50。",
    "track_B": "标化达标（一本线/US前50），保持一维强项（市/省级成果）+两维持续记录。到G12有“学术+跨界成果”双证据，进入211、港五、美本Top50、QS100。",
    "rgs_compact": "G1兴趣广泛→展示；\nG2能坚持→校级展示；\nG3初现强项→成绩前30%→社团；\nG4跨界兴趣→校级比赛；\nG5学业稳固→校内优异；\nG6持续投入→市级证书≥2；\nG7成绩前20%→跨校活动；\nG8独立小项目→市级/跨校奖；\nG9跨界成果→省级奖/展演+领导；\nG10标化模拟达标→跨领域作品初稿；\nG11形成成果→论文/专利/展演；\nG12标化达标→整合申请材料。",
    "rgs_by_grade": [
      {
        "grade": "G1",
        "text": "兴趣广泛→展示"
      },
      {
        "grade": "G2",
        "text": "能坚持→校级展示"
      },
      {
        "grade": "G3",
        "text": "初现强项→成绩前30%→社团"
      },
      {
        "grade": "G4",
        "text": "跨界兴趣→校级比赛"
      },
      {
        "grade": "G5",
        "text": "学业稳固→校内优异"
      },
      {
        "grade": "G6",
        "text": "持续投入→市级证书≥2"
      },
      {
        "grade": "G7",
        "text": "成绩前20%→跨校活动"
      },
      {
        "grade": "G8",
        "text": "独立小项目→市级/跨校奖"
      },
      {
        "grade": "G9",
        "text": "跨界成果→省级奖/展演+领导"
      },
      {
        "grade": "G10",
        "text": "标化模拟达标→跨领域作品初稿"
      },
      {
        "grade": "G11",
        "text": "形成成果→论文/专利/展演"
      },
      {
        "grade": "G12",
        "text": "标化达标→整合申请材料。"
      }
    ],
    "path_adaptation": {
      "Mainland_CN": "竞赛+综评跨界成果",
      "HK_MO_TW": "面试+跨文化成果",
      "US": "科研+叙事+领导",
      "Commonwealth": "硬分+跨领域作品集",
      "Other_International": "语言+跨界证据。"
    }
  },
  {
    "code": "ALIB",
    "name_cn": "影响者",
    "name_en": "Influencer",
    "final_goal": "G12前完成舞台/传媒+跨文化影响力双证据，标化达目标梯队大学要求。",
    "milestones": [
      "G6前完成公开演讲/主持",
      "G9前市级以上传媒/演讲奖项",
      "G10–11跨文化或社会项目成果",
      "G12标化达标+完整舞台/传媒成果"
    ],
    "track_A": "省级以上演讲/传媒奖项+跨文化项目，标化达C9/985、US前30、QS50。",
    "track_B": "市级稳定奖项+长期主持/社团经历，标化达一本线或US前50/英联邦QS100。",
    "rgs_compact": "G1喜欢表达→课堂发言；\nG2参与朗诵/表演；\nG3主持校级活动；\nG4完成小剧场/演讲赛；\nG5校级奖；\nG6市级主持/演讲奖；\nG7演讲市赛入围；\nG8跨校模联/辩论；\nG9省级以上奖项；\nG10跨文化项目成果；\nG11主持/演讲+研究报告；\nG12标化达标+公开舞台成果。",
    "rgs_by_grade": [
      {
        "grade": "G1",
        "text": "喜欢表达→课堂发言"
      },
      {
        "grade": "G2",
        "text": "参与朗诵/表演"
      },
      {
        "grade": "G3",
        "text": "主持校级活动"
      },
      {
        "grade": "G4",
        "text": "完成小剧场/演讲赛"
      },
      {
        "grade": "G5",
        "text": "校级奖"
      },
      {
        "grade": "G6",
        "text": "市级主持/演讲奖"
      },
      {
        "grade": "G7",
        "text": "演讲市赛入围"
      },
      {
        "grade": "G8",
        "text": "跨校模联/辩论"
      },
      {
        "grade": "G9",
        "text": "省级以上奖项"
      },
      {
        "grade": "G10",
        "text": "跨文化项目成果"
      },
      {
        "grade": "G11",
        "text": "主持/演讲+研究报告"
      },
      {
        "grade": "G12",
        "text": "标化达标+公开舞台成果。"
      }
    ],
    "path_adaptation": {
      "Mainland_CN": "综评材料+跨文化表达",
      "HK_MO_TW": "面试+传媒奖项",
      "US": "演讲+跨文化叙事",
      "Commonwealth": "传媒/人文硬分+活动成果",
      "Other_International": "语言+影响力证据。"
    }
  },
  {
    "code": "ALPR",
    "name_cn": "工程师",
    "name_en": "Engineer",
    "final_goal": "G12前完成至少1个工程项目成果+省级竞赛证据，学术达标。",
    "milestones": [
      "G6前完成校级作品",
      "G9前市级工程竞赛",
      "G10–11省级工程设计/科研成果",
      "G12标化达标"
    ],
    "track_A": "省级以上工程竞赛奖+项目成果，标化达C9/985、US前30、QS50。",
    "track_B": "市级竞赛奖+长期作品记录，标化达一本线或US前50。",
    "rgs_compact": "G1喜欢搭建；\nG2完成手工项目；\nG3校级科技作品；\nG4实验小车/模型；\nG5参加校级科技节；\nG6市级工程赛；\nG7完成小作品集；\nG8市级竞赛优胜；\nG9省级工程赛；\nG10完成科研小课题；\nG11发表工程设计成果；\nG12标化达标+成果定稿。",
    "rgs_by_grade": [
      {
        "grade": "G1",
        "text": "喜欢搭建"
      },
      {
        "grade": "G2",
        "text": "完成手工项目"
      },
      {
        "grade": "G3",
        "text": "校级科技作品"
      },
      {
        "grade": "G4",
        "text": "实验小车/模型"
      },
      {
        "grade": "G5",
        "text": "参加校级科技节"
      },
      {
        "grade": "G6",
        "text": "市级工程赛"
      },
      {
        "grade": "G7",
        "text": "完成小作品集"
      },
      {
        "grade": "G8",
        "text": "市级竞赛优胜"
      },
      {
        "grade": "G9",
        "text": "省级工程赛"
      },
      {
        "grade": "G10",
        "text": "完成科研小课题"
      },
      {
        "grade": "G11",
        "text": "发表工程设计成果"
      },
      {
        "grade": "G12",
        "text": "标化达标+成果定稿。"
      }
    ],
    "path_adaptation": {
      "Mainland_CN": "工科竞赛+综评",
      "HK_MO_TW": "面试+作品",
      "US": "工程项目+叙事",
      "Commonwealth": "理工硬分+设计成果",
      "Other_International": "语言+作品证据。"
    }
  },
  {
    "code": "ALPB",
    "name_cn": "指挥官",
    "name_en": "Captain",
    "final_goal": "G12前形成体育赛事+管理经验双证据，学术达标。",
    "milestones": [
      "G6前组织小型赛事",
      "G9前市级组织经历",
      "G10–11省级赛事管理/团队领导",
      "G12标化达标"
    ],
    "track_A": "省级赛事组织+管理成果，标化达C9/985、US前30。",
    "track_B": "市级赛事+团队社团长期领导，标化达一本线或US前50。",
    "rgs_compact": "G1参与体育比赛；\nG2担任小队长；\nG3组织班级活动；\nG4完成校级运动会；\nG5担任社团干部；\nG6市级赛事经验；\nG7赛事策划；\nG8团队管理成果；\nG9市/省级赛事组织；\nG10跨校活动管理；\nG11省级成果；\nG12标化达标+赛事管理证明。",
    "rgs_by_grade": [
      {
        "grade": "G1",
        "text": "参与体育比赛"
      },
      {
        "grade": "G2",
        "text": "担任小队长"
      },
      {
        "grade": "G3",
        "text": "组织班级活动"
      },
      {
        "grade": "G4",
        "text": "完成校级运动会"
      },
      {
        "grade": "G5",
        "text": "担任社团干部"
      },
      {
        "grade": "G6",
        "text": "市级赛事经验"
      },
      {
        "grade": "G7",
        "text": "赛事策划"
      },
      {
        "grade": "G8",
        "text": "团队管理成果"
      },
      {
        "grade": "G9",
        "text": "市/省级赛事组织"
      },
      {
        "grade": "G10",
        "text": "跨校活动管理"
      },
      {
        "grade": "G11",
        "text": "省级成果"
      },
      {
        "grade": "G12",
        "text": "标化达标+赛事管理证明。"
      }
    ],
    "path_adaptation": {
      "Mainland_CN": "体管/商管综评",
      "HK_MO_TW": "面试+赛事管理",
      "US": "赛事管理叙事",
      "Commonwealth": "管理/体育硬分",
      "Other_International": "赛事+管理证据。"
    }
  },
  {
    "code": "SLIR",
    "name_cn": "战略家",
    "name_en": "Strategist",
    "final_goal": "G12前形成“系统思维+跨学科成果+社会责任”三位一体证据，标化与学术达目标梯队要求（A档：C9/985、US前30、QS50；B档：211、US前50、QS100）。",
    "milestones": [
      "G6前跨学科小研究",
      "G9前市级研究成果",
      "G10–11省级/国际研究论文/战略方案+社团领导",
      "G12标化达档位+完整研究成果链"
    ],
    "track_A": "12年级前省级及以上研究论文/项目，标化成绩达C9/985、US前30，≥2年跨学科项目领导。",
    "track_B": "标化达一本线或US前50，完成市级以上研究成果+长期社团核心。到G12有“研究成果+组织记录”。",
    "rgs_compact": "G1爱提问→观察记录；\nG2整理信息→短文总结；\nG3关注社会→小调查展示；\nG4合作→小组长汇报；\nG5成绩前30%→跨学科小项目；\nG6研究小论文；\nG7市级活动成果；\nG8跨校比赛/营成果；\nG9研究报告市/校奖；\nG10省级研究展示；\nG11论文/战略方案+团队领导；\nG12标化达标+成果定稿。",
    "rgs_by_grade": [
      {
        "grade": "G1",
        "text": "爱提问→观察记录"
      },
      {
        "grade": "G2",
        "text": "整理信息→短文总结"
      },
      {
        "grade": "G3",
        "text": "关注社会→小调查展示"
      },
      {
        "grade": "G4",
        "text": "合作→小组长汇报"
      },
      {
        "grade": "G5",
        "text": "成绩前30%→跨学科小项目"
      },
      {
        "grade": "G6",
        "text": "研究小论文"
      },
      {
        "grade": "G7",
        "text": "市级活动成果"
      },
      {
        "grade": "G8",
        "text": "跨校比赛/营成果"
      },
      {
        "grade": "G9",
        "text": "研究报告市/校奖"
      },
      {
        "grade": "G10",
        "text": "省级研究展示"
      },
      {
        "grade": "G11",
        "text": "论文/战略方案+团队领导"
      },
      {
        "grade": "G12",
        "text": "标化达标+成果定稿。"
      }
    ],
    "path_adaptation": {
      "Mainland_CN": "研究论文+综评",
      "HK_MO_TW": "面试+跨文化表达",
      "US": "研究+叙事+责任",
      "Commonwealth": "高分+跨学科研究",
      "Other_International": "语言+研究证据。"
    }
  },
  {
    "code": "SLIB",
    "name_cn": "思辩者",
    "name_en": "Orator",
    "final_goal": "G12前完成省级以上辩论/模联/公共演讲成果，标化达标。",
    "milestones": [
      "G6前参加校级辩论",
      "G9前市级奖项",
      "G10–11省级以上演讲成果",
      "G12标化达档位"
    ],
    "track_A": "省级/国家级辩论/模联成果+研究论文，标化达985/US前30。",
    "track_B": "市级稳定成果+长期社团经历，标化达一本线/US前50。",
    "rgs_compact": "G1喜欢表达→课堂发言；\nG2小组讨论；\nG3参加班级辩论；\nG4校级演讲；\nG5校级奖项；\nG6市级辩论赛；\nG7市赛优胜；\nG8模联/跨校；\nG9省级奖；\nG10跨学科研究；\nG11论文+演讲；\nG12标化达标。",
    "rgs_by_grade": [
      {
        "grade": "G1",
        "text": "喜欢表达→课堂发言"
      },
      {
        "grade": "G2",
        "text": "小组讨论"
      },
      {
        "grade": "G3",
        "text": "参加班级辩论"
      },
      {
        "grade": "G4",
        "text": "校级演讲"
      },
      {
        "grade": "G5",
        "text": "校级奖项"
      },
      {
        "grade": "G6",
        "text": "市级辩论赛"
      },
      {
        "grade": "G7",
        "text": "市赛优胜"
      },
      {
        "grade": "G8",
        "text": "模联/跨校"
      },
      {
        "grade": "G9",
        "text": "省级奖"
      },
      {
        "grade": "G10",
        "text": "跨学科研究"
      },
      {
        "grade": "G11",
        "text": "论文+演讲"
      },
      {
        "grade": "G12",
        "text": "标化达标。"
      }
    ],
    "path_adaptation": {
      "Mainland_CN": "模联/论文+综评",
      "HK_MO_TW": "面试+辩论",
      "US": "演讲+社会责任叙事",
      "Commonwealth": "文科硬分+公共表达",
      "Other_International": "语言+演讲证据。"
    }
  },
  {
    "code": "SLPR",
    "name_cn": "项目经理",
    "name_en": "Project Manager",
    "final_goal": "G12前完成跨学科项目+管理成果，学术达标。",
    "milestones": [
      "G6前完成校级项目",
      "G9前市级科技/管理项目",
      "G10–11省级跨学科项目",
      "G12标化达标"
    ],
    "track_A": "省级以上项目成果+管理经验，标化达C9/985、US前30。",
    "track_B": "市级项目成果+长期项目记录，标化达一本线或US前50。",
    "rgs_compact": "G1小项目尝试；\nG2小组合作；\nG3校级活动；\nG4完成策划案；\nG5参与校级科研/活动；\nG6市级项目成果；\nG7跨校合作；\nG8市级奖；\nG9省级项目；\nG10团队管理；\nG11跨学科项目成果；\nG12标化达标。",
    "rgs_by_grade": [
      {
        "grade": "G1",
        "text": "小项目尝试"
      },
      {
        "grade": "G2",
        "text": "小组合作"
      },
      {
        "grade": "G3",
        "text": "校级活动"
      },
      {
        "grade": "G4",
        "text": "完成策划案"
      },
      {
        "grade": "G5",
        "text": "参与校级科研/活动"
      },
      {
        "grade": "G6",
        "text": "市级项目成果"
      },
      {
        "grade": "G7",
        "text": "跨校合作"
      },
      {
        "grade": "G8",
        "text": "市级奖"
      },
      {
        "grade": "G9",
        "text": "省级项目"
      },
      {
        "grade": "G10",
        "text": "团队管理"
      },
      {
        "grade": "G11",
        "text": "跨学科项目成果"
      },
      {
        "grade": "G12",
        "text": "标化达标。"
      }
    ],
    "path_adaptation": {
      "Mainland_CN": "综评+项目成果",
      "HK_MO_TW": "面试+管理经验",
      "US": "项目叙事",
      "Commonwealth": "工管硬分+成果",
      "Other_International": "项目证据+语言。"
    }
  },
  {
    "code": "SLPB",
    "name_cn": "协调者",
    "name_en": "Coordinator",
    "final_goal": "G12前积累教育/管理协调成果，学术达标。",
    "milestones": [
      "G6前组织小组合作",
      "G9前市级协调经历",
      "G10–11团队/社团管理成果",
      "G12标化达标"
    ],
    "track_A": "省级以上协调项目+团队管理，标化达985/US前30。",
    "track_B": "市级长期协调经历，标化达一本线/US前50。",
    "rgs_compact": "G1合作任务；\nG2担任小组角色；\nG3组织校级活动；\nG4团队合作；\nG5校级干部；\nG6市级活动；\nG7协调跨校；\nG8市级奖；\nG9省级协调项目；\nG10团队组织；\nG11跨学科协调；\nG12标化达标。",
    "rgs_by_grade": [
      {
        "grade": "G1",
        "text": "合作任务"
      },
      {
        "grade": "G2",
        "text": "担任小组角色"
      },
      {
        "grade": "G3",
        "text": "组织校级活动"
      },
      {
        "grade": "G4",
        "text": "团队合作"
      },
      {
        "grade": "G5",
        "text": "校级干部"
      },
      {
        "grade": "G6",
        "text": "市级活动"
      },
      {
        "grade": "G7",
        "text": "协调跨校"
      },
      {
        "grade": "G8",
        "text": "市级奖"
      },
      {
        "grade": "G9",
        "text": "省级协调项目"
      },
      {
        "grade": "G10",
        "text": "团队组织"
      },
      {
        "grade": "G11",
        "text": "跨学科协调"
      },
      {
        "grade": "G12",
        "text": "标化达标。"
      }
    ],
    "path_adaptation": {
      "Mainland_CN": "综评+管理",
      "HK_MO_TW": "面试+协调经验",
      "US": "活动叙事",
      "Commonwealth": "教育管理硬分",
      "Other_International": "协调证据。"
    }
  },
  {
    "code": "AJIR",
    "name_cn": "创新家",
    "name_en": "Innovator",
    "final_goal": "G12前完成科研+艺术结合成果，至少一次省级以上竞赛/作品。",
    "milestones": [
      "G6前校级实验+艺术展示",
      "G9前市级跨界成果",
      "G10–11省级科研/艺术项目",
      "G12标化达标"
    ],
    "track_A": "科研论文/实验成果+艺术作品省级以上，标化达US前30/985。",
    "track_B": "市级跨界成果+长期作品/实验，标化达一本线或US前50。",
    "rgs_compact": "G1喜欢实验+艺术；\nG2动手项目；\nG3校级展示；\nG4作品+小实验；\nG5校级奖；\nG6市级项目；\nG7实验+作品结合；\nG8市赛优胜；\nG9省级跨界成果；\nG10跨学科研究；\nG11论文/作品集；\nG12标化达标。",
    "rgs_by_grade": [
      {
        "grade": "G1",
        "text": "喜欢实验+艺术"
      },
      {
        "grade": "G2",
        "text": "动手项目"
      },
      {
        "grade": "G3",
        "text": "校级展示"
      },
      {
        "grade": "G4",
        "text": "作品+小实验"
      },
      {
        "grade": "G5",
        "text": "校级奖"
      },
      {
        "grade": "G6",
        "text": "市级项目"
      },
      {
        "grade": "G7",
        "text": "实验+作品结合"
      },
      {
        "grade": "G8",
        "text": "市赛优胜"
      },
      {
        "grade": "G9",
        "text": "省级跨界成果"
      },
      {
        "grade": "G10",
        "text": "跨学科研究"
      },
      {
        "grade": "G11",
        "text": "论文/作品集"
      },
      {
        "grade": "G12",
        "text": "标化达标。"
      }
    ],
    "path_adaptation": {
      "Mainland_CN": "科创+综评",
      "HK_MO_TW": "跨文化项目",
      "US": "科研+作品集",
      "Commonwealth": "跨学科硬分",
      "Other_International": "作品/科研证据。"
    }
  },
  {
    "code": "AJPR",
    "name_cn": "应用科学家",
    "name_en": "Applied Technologist",
    "final_goal": "G12前完成技术应用成果+市/省级竞赛证据。",
    "milestones": [
      "G6前完成小程序/作品",
      "G9前市级竞赛成果",
      "G10–11省级技术应用",
      "G12标化达标"
    ],
    "track_A": "省级以上工程/应用竞赛成果，标化达985/US前30。",
    "track_B": "市级竞赛+长期技术作品，标化达一本线或US前50。",
    "rgs_compact": "G1兴趣编程/动手；\nG2简单程序；\nG3校级项目；\nG4作品展示；\nG5校级科技节；\nG6市级竞赛；\nG7作品集；\nG8市赛奖；\nG9省级成果；\nG10科研/工程Demo；\nG11应用产品迭代；\nG12标化达标。",
    "rgs_by_grade": [
      {
        "grade": "G1",
        "text": "兴趣编程/动手"
      },
      {
        "grade": "G2",
        "text": "简单程序"
      },
      {
        "grade": "G3",
        "text": "校级项目"
      },
      {
        "grade": "G4",
        "text": "作品展示"
      },
      {
        "grade": "G5",
        "text": "校级科技节"
      },
      {
        "grade": "G6",
        "text": "市级竞赛"
      },
      {
        "grade": "G7",
        "text": "作品集"
      },
      {
        "grade": "G8",
        "text": "市赛奖"
      },
      {
        "grade": "G9",
        "text": "省级成果"
      },
      {
        "grade": "G10",
        "text": "科研/工程Demo"
      },
      {
        "grade": "G11",
        "text": "应用产品迭代"
      },
      {
        "grade": "G12",
        "text": "标化达标。"
      }
    ],
    "path_adaptation": {
      "Mainland_CN": "工科应用",
      "HK_MO_TW": "技术应用",
      "US": "项目成果",
      "Commonwealth": "工科硬分",
      "Other_International": "语言+作品。"
    }
  },
  {
    "code": "SJPR",
    "name_cn": "脑博士",
    "name_en": "Brain Doctor",
    "final_goal": "G12前完成理工科研成果+省级竞赛/论文。",
    "milestones": [
      "G6前校级数理竞赛",
      "G9前市级竞赛奖",
      "G10–11省级数理竞赛/科研",
      "G12标化达标"
    ],
    "track_A": "省级以上数理竞赛/科研论文，标化达985/US前30。",
    "track_B": "市级竞赛+长期科研投入，标化达一本线/US前50。",
    "rgs_compact": "G1数理兴趣；\nG2简单实验；\nG3校级竞赛；\nG4数理营；\nG5校级奖；\nG6市级竞赛；\nG7市赛优胜；\nG8数理研究；\nG9省级奖；\nG10科研论文初稿；\nG11成果展示；\nG12标化达标。",
    "rgs_by_grade": [
      {
        "grade": "G1",
        "text": "数理兴趣"
      },
      {
        "grade": "G2",
        "text": "简单实验"
      },
      {
        "grade": "G3",
        "text": "校级竞赛"
      },
      {
        "grade": "G4",
        "text": "数理营"
      },
      {
        "grade": "G5",
        "text": "校级奖"
      },
      {
        "grade": "G6",
        "text": "市级竞赛"
      },
      {
        "grade": "G7",
        "text": "市赛优胜"
      },
      {
        "grade": "G8",
        "text": "数理研究"
      },
      {
        "grade": "G9",
        "text": "省级奖"
      },
      {
        "grade": "G10",
        "text": "科研论文初稿"
      },
      {
        "grade": "G11",
        "text": "成果展示"
      },
      {
        "grade": "G12",
        "text": "标化达标。"
      }
    ],
    "path_adaptation": {
      "Mainland_CN": "数理竞赛+综评",
      "HK_MO_TW": "数理优势",
      "US": "科研论文+活动",
      "Commonwealth": "理工硬分",
      "Other_International": "语言+科研证据。"
    }
  },
  {
    "code": "SJIR",
    "name_cn": "交互师",
    "name_en": "InterCreator",
    "final_goal": "G12前完成建筑/交互设计作品集+省级展演。",
    "milestones": [
      "G6前完成小设计",
      "G9前市级展演",
      "G10–11省级作品集成果",
      "G12标化达标"
    ],
    "track_A": "省级以上作品集/建筑设计成果，标化达985/US前30。",
    "track_B": "市级设计+长期作品集，标化达一本线/US前50。",
    "rgs_compact": "G1喜欢设计；\nG2简单绘图；\nG3校级作品；\nG4作品展示；\nG5校级展览；\nG6市级作品集；\nG7跨学科设计；\nG8市赛优胜；\nG9省级作品；\nG10跨学科项目；\nG11作品集迭代；\nG12标化达标。",
    "rgs_by_grade": [
      {
        "grade": "G1",
        "text": "喜欢设计"
      },
      {
        "grade": "G2",
        "text": "简单绘图"
      },
      {
        "grade": "G3",
        "text": "校级作品"
      },
      {
        "grade": "G4",
        "text": "作品展示"
      },
      {
        "grade": "G5",
        "text": "校级展览"
      },
      {
        "grade": "G6",
        "text": "市级作品集"
      },
      {
        "grade": "G7",
        "text": "跨学科设计"
      },
      {
        "grade": "G8",
        "text": "市赛优胜"
      },
      {
        "grade": "G9",
        "text": "省级作品"
      },
      {
        "grade": "G10",
        "text": "跨学科项目"
      },
      {
        "grade": "G11",
        "text": "作品集迭代"
      },
      {
        "grade": "G12",
        "text": "标化达标。"
      }
    ],
    "path_adaptation": {
      "Mainland_CN": "设计+综评",
      "HK_MO_TW": "作品+面试",
      "US": "作品集+跨学科叙事",
      "Commonwealth": "建筑硬分",
      "Other_International": "作品证据。"
    }
  },
  {
    "code": "AJIB",
    "name_cn": "引导师",
    "name_en": "Mentor",
    "final_goal": "G12前完成艺术+教育成果，形成教学/传播证据。",
    "milestones": [
      "G6前参与艺术教育",
      "G9前市级表演/教育项目",
      "G10–11省级艺术教育成果",
      "G12标化达标"
    ],
    "track_A": "省级以上教育/艺术传播成果，标化达985/US前30。",
    "track_B": "市级成果+长期教学/传播记录，标化达一本线/US前50。",
    "rgs_compact": "G1喜欢教学/艺术；G2小组带领；G3校级表演；G4教育展示；G5校级成果；G6市级教育/艺术成果；G7持续教育项目；G8市级奖；G9省级成果；G10教育项目；G11成果展示；G12标化达标。",
    "rgs_by_grade": [
      {
        "grade": "G1",
        "text": "喜欢教学/艺术"
      },
      {
        "grade": "G2",
        "text": "小组带领"
      },
      {
        "grade": "G3",
        "text": "校级表演"
      },
      {
        "grade": "G4",
        "text": "教育展示"
      },
      {
        "grade": "G5",
        "text": "校级成果"
      },
      {
        "grade": "G6",
        "text": "市级教育/艺术成果"
      },
      {
        "grade": "G7",
        "text": "持续教育项目"
      },
      {
        "grade": "G8",
        "text": "市级奖"
      },
      {
        "grade": "G9",
        "text": "省级成果"
      },
      {
        "grade": "G10",
        "text": "教育项目"
      },
      {
        "grade": "G11",
        "text": "成果展示"
      },
      {
        "grade": "G12",
        "text": "标化达标。"
      }
    ],
    "path_adaptation": {
      "Mainland_CN": "教育/心理",
      "HK_MO_TW": "艺术教育面试",
      "US": "教育叙事",
      "Commonwealth": "教育硬分",
      "Other_International": "教育证据。"
    }
  },
  {
    "code": "SJIB",
    "name_cn": "文艺家",
    "name_en": "Humanist & Artist",
    "final_goal": "G12前完成纯文学/艺术作品集，至少一次省级以上认可。",
    "milestones": [
      "G6前校级作品",
      "G9前市级奖",
      "G10–11省级文学/艺术成果",
      "G12标化达标"
    ],
    "track_A": "省级以上文学/艺术作品集成果，标化达985/US前30。",
    "track_B": "市级作品+长期创作，标化达一本线/US前50。",
    "rgs_compact": "G1写作/艺术兴趣；G2简单创作；G3校级作品；G4展示作品；G5校级奖；G6市级成果；G7跨校展览；G8市级奖；G9省级成果；G10作品集初稿；G11作品集迭代；G12标化达标。",
    "rgs_by_grade": [
      {
        "grade": "G1",
        "text": "写作/艺术兴趣"
      },
      {
        "grade": "G2",
        "text": "简单创作"
      },
      {
        "grade": "G3",
        "text": "校级作品"
      },
      {
        "grade": "G4",
        "text": "展示作品"
      },
      {
        "grade": "G5",
        "text": "校级奖"
      },
      {
        "grade": "G6",
        "text": "市级成果"
      },
      {
        "grade": "G7",
        "text": "跨校展览"
      },
      {
        "grade": "G8",
        "text": "市级奖"
      },
      {
        "grade": "G9",
        "text": "省级成果"
      },
      {
        "grade": "G10",
        "text": "作品集初稿"
      },
      {
        "grade": "G11",
        "text": "作品集迭代"
      },
      {
        "grade": "G12",
        "text": "标化达标。"
      }
    ],
    "path_adaptation": {
      "Mainland_CN": "文艺作品集+综评",
      "HK_MO_TW": "面试+作品集",
      "US": "作品集+叙事",
      "Commonwealth": "文艺硬分",
      "Other_International": "作品证据。"
    }
  },
  {
    "code": "AJPB",
    "name_cn": "体育明星",
    "name_en": "Sports Star",
    "final_goal": "G12前专项运动达省级/国家级运动员或等效认证，保持完整赛历与教练背书，同时学术/语言达目标梯队要求（A档：C9/985/US前30/港三/英联邦QS50；B档：211/US前50/港五/英联邦QS100）。",
    "milestones": [
      "G6前确定专项+2年训练",
      "G9前市/省级比赛成绩+等级初评",
      "G10–11省级前8或国家赛参赛",
      "G12专项等级+标化达标+申请材料齐全"
    ],
    "track_A": "专项达省/国家二级运动员或国际认可+3年连续赛历+学术语言达C9/985、US前30、QS50。材料呈现“竞技成绩+长期训练”。",
    "track_B": "专项市/省级稳定名次+完整训练记录+5年系统训练。学术/语言达一本线或US前50/英联邦QS100。G12前“专项稳定+长期训练”证据组合。",
    "rgs_compact": "G1喜欢运动→校级运动会；G2体能显现→校队/兴趣班；G3专项明确→每周≥3次训练；G4坚持训练→校级获奖；G5专项基础扎实→市级比赛；G6≥2年训练+市级排名；G7市级前列或等级初评；G8市/省赛入围；G9运动员等级初评；G10省级前8或国家赛；G11专项认证+整理赛历；G12标化达标+专项认证。",
    "rgs_by_grade": [
      {
        "grade": "G1",
        "text": "喜欢运动→校级运动会"
      },
      {
        "grade": "G2",
        "text": "体能显现→校队/兴趣班"
      },
      {
        "grade": "G3",
        "text": "专项明确→每周≥3次训练"
      },
      {
        "grade": "G4",
        "text": "坚持训练→校级获奖"
      },
      {
        "grade": "G5",
        "text": "专项基础扎实→市级比赛"
      },
      {
        "grade": "G6",
        "text": "≥2年训练+市级排名"
      },
      {
        "grade": "G7",
        "text": "市级前列或等级初评"
      },
      {
        "grade": "G8",
        "text": "市/省赛入围"
      },
      {
        "grade": "G9",
        "text": "运动员等级初评"
      },
      {
        "grade": "G10",
        "text": "省级前8或国家赛"
      },
      {
        "grade": "G11",
        "text": "专项认证+整理赛历"
      },
      {
        "grade": "G12",
        "text": "标化达标+专项认证。"
      }
    ],
    "path_adaptation": {
      "Mainland_CN": "高水平运动员通道",
      "HK_MO_TW": "面试+等级证明",
      "US": "NCAA D1需视频+推荐信",
      "Commonwealth": "专项协会认证",
      "Other_International": "语言+运动员认证。"
    }
  },
  {
    "code": "SJPB",
    "name_cn": "运营官",
    "name_en": "Operator",
    "final_goal": "G12前完成运营/活动管理成果，学术达标。",
    "milestones": [
      "G6前校级活动运营",
      "G9前市级运营项目",
      "G10–11省级运营成果",
      "G12标化达标"
    ],
    "track_A": "省级以上运营/管理成果，标化达985/US前30。",
    "track_B": "市级成果+长期运营记录，标化达一本线/US前50。",
    "rgs_compact": "G1参与活动；G2小组分工；G3校级活动；G4组织校级运营；G5活动策划；G6市级运营成果；G7跨校运营；G8市级奖；G9省级成果；G10运营项目；G11成果展示；G12标化达标。",
    "rgs_by_grade": [
      {
        "grade": "G1",
        "text": "参与活动"
      },
      {
        "grade": "G2",
        "text": "小组分工"
      },
      {
        "grade": "G3",
        "text": "校级活动"
      },
      {
        "grade": "G4",
        "text": "组织校级运营"
      },
      {
        "grade": "G5",
        "text": "活动策划"
      },
      {
        "grade": "G6",
        "text": "市级运营成果"
      },
      {
        "grade": "G7",
        "text": "跨校运营"
      },
      {
        "grade": "G8",
        "text": "市级奖"
      },
      {
        "grade": "G9",
        "text": "省级成果"
      },
      {
        "grade": "G10",
        "text": "运营项目"
      },
      {
        "grade": "G11",
        "text": "成果展示"
      },
      {
        "grade": "G12",
        "text": "标化达标。"
      }
    ],
    "path_adaptation": {
      "Mainland_CN": "综评+运营成果",
      "HK_MO_TW": "面试+活动经历",
      "US": "运营叙事",
      "Commonwealth": "运营硬分",
      "Other_International": "运营证据。"
    }
  }
]