{
  "A_S": {
    "strong-left": "孩子展现出突出的体育天赋，适合走体育专项/特长升学路径（如高尔夫、网球、足球等）。",
    "mild-left": "孩子在体育上有一定亮点，可以作为升学的辅助加分项，建议保持长期训练。",
    "balanced": "孩子在体育与学业间保持均衡，运动可作为健康和毅力的体现，但不是主要升学路径。",
    "mild-right": "孩子体育一般，不适合依赖体育升学，可作为兴趣和健康培养。",
    "strong-right": "孩子体育表现较弱，应将升学重点放在人文、社科或理工等其他方向。"
  },
  "L_J": {
    "strong-left": "孩子展现出明显的领导力和公众表达力，适合社科/商科/公共影响方向。",
    "mild-left": "孩子有一定领导潜力，可在社团/小组中逐步锻炼团队管理。",
    "balanced": "孩子在领导与协作之间均衡，既能带头也能配合，适合跨学科路径。",
    "mild-right": "孩子更适合在团队中执行任务，偏幕后型，适合教育/服务/执行类发展。",
    "strong-right": "孩子缺乏领导意愿，更适合作为协作者或技术/学术型支撑角色。"
  },
  "I_P": {
    "strong-left": "孩子展现出突出的艺术/人文创意，适合走艺术、人文学科路径（文学、音乐、舞蹈、设计等）。",
    "mild-left": "孩子在艺术直觉和创意方面有一定优势，建议参与艺术类活动或作品集准备。",
    "balanced": "孩子在艺术与实用之间保持均衡，艺术可作为兴趣，但非绝对强项。",
    "mild-right": "孩子艺术一般，难以作为升学路径，可更多发展社科或理工方向。",
    "strong-right": "孩子缺乏艺术特长，不适合走艺术/人文路线，宜集中在理工、体育或社科方向。"
  },
  "R_B": {
    "strong-left": "孩子理工思维突出，适合数学、物理、工程、计算机等理工科升学路径。",
    "mild-left": "孩子在理工方面有一定潜力，可通过竞赛、实验室研究等积累升学优势。",
    "balanced": "孩子在理工与其他学科间保持均衡，可结合跨学科发展。",
    "mild-right": "孩子理工基础一般，不适合单独依赖理工科升学。",
    "strong-right": "孩子理工思维较弱，应避免理工科方向，宜走艺术、人文、社科或体育赛道。"
  }
}